id,firstname,lastname,city,profession
100,Thalia,Nadia,Dunedin,worker
101,Yvonne,Urias,Fairbanks,developer
102,Daphne,Luhe,Cuiabá,worker
103,Therine,Gombach,St. George's,worker
104,Damaris,Kat,Gangtok,doctor
105,Celene,MacIntosh,Tokyo,firefighter
106,Lucy,Fennessy,Belém,police officer
107,Candy,Torray,Tabriz,police officer
108,Laurene,Kussell,Livingstone,firefighter
109,Belinda,Maribeth,Birmingham,firefighter
110,Gabriellia,Felecia,Oslo,developer
111,Kristan,Strephon,Chongjin,firefighter
112,Phedra,Ietta,Douglas,police officer
113,Ernesta,Anyah,Kyoto,police officer
114,Tamqrah,Rheingold,Maputo,police officer
115,Agnese,Sallyann,Charlotte,doctor
116,Elora,Othilia,Dakar,firefighter
117,Shell,Orelee,Pago Pago,doctor
118,Deane,Mallon,Sofia,police officer
119,Lanna,Myrilla,Virginia Beach,firefighter
120,Regina,Clarissa,Mogadishu,developer
121,Nonnah,Simmonds,Suez,developer
122,Gusella,Rosemary,Lyon,doctor
123,Glenda,Ietta,Regina,police officer
124,Aubrie,Deegan,Phnom Penh,developer
125,Judy,Moina,Chişinău,police officer
126,Mamie,Bandeen,Gibraltar,firefighter
127,Mignon,Elvyn,Konya,police officer
128,Liana,Kiersten,Jacksonville,developer
129,Estell,Gillan,Stanley,police officer
130,Dacia,My,Puerto Williams,worker
131,Selma,Willie,Tirana,developer
132,Teddie,Amadas,Maputo,doctor
133,Marguerite,Monaco,Tijuana,developer
134,Babita,Weaks,Newcastle,police officer
135,Correy,Berard,Dar es Salaam,worker
136,Adele,Bonilla,Córdoba,worker
137,Mathilda,Helfand,Sacramento,doctor
138,Angelique,Gilmour,Nouakchott,firefighter
139,Tersina,Auberbach,Porto Velho,developer
140,Meghann,Larochelle,Innsbruck,police officer
141,Steffane,Sperling,New Delhi,doctor
142,Larine,McNully,Hargeisa,firefighter
143,Sadie,Argus,Okinawa,doctor
144,Raina,Merriott,Ambon,doctor
145,Dorthy,Lanita,Salt Lake City,firefighter
146,Ivett,Franza,Philadelphia,firefighter
147,Roz,Madox,Vatican City,worker
148,Lonnie,Nelsen,Bangalore,firefighter
149,Maridel,Vastah,Denpasar,worker
150,Jordan,Trey,Bandung,developer
151,Genevra,Leffen,Tampa,developer
152,Dari,Reneta,City of Halifax,firefighter
153,Yetty,Alfons,Dili,developer
154,Adore,Noam,Samara,firefighter
155,Korrie,Ethban,Darwin,firefighter
156,Lory,Shaver,Tabriz,doctor
157,Konstance,Wooster,Longyearbyen,developer
158,Adriana,Moseley,Bujumbura,police officer
159,Jan,Hepsibah,Mwanza,police officer
160,Joceline,Kinnard,Faisalabad,developer
161,Lucy,Kiyoshi,Kraków,firefighter
162,Jinny,Alrich,São José dos Campos,firefighter
163,Jenilee,Annice,Havana,police officer
164,Karlee,Schalles,Gangtok,worker
165,Nollie,Fiester,Accra,firefighter
166,Dominga,Behre,Sarajevo,police officer
167,Maud,McNully,Kaliningrad,police officer
168,Carmela,Ambrosia,Valencia,firefighter
169,Tatiania,Zuzana,Charlotte Amalie,firefighter
170,Corly,Wilkinson,Tbilisi,doctor
171,Marsiella,Garrison,Manzini,doctor
172,Nonnah,Ivens,Kobe,doctor
173,Tomasina,Slifka,Monaco,police officer
174,Constance,Lytton,Okinawa,doctor
175,Paola,Hepsibah,Taiyuan,developer
176,Allis,Richers,Nagoya,developer
177,Karlee,Diogenes,Canberra,developer
178,Jsandye,Bertold,Ibadan,worker
179,Rosanne,Jagir,Yogyakarta (city),firefighter
180,Lila,Brunell,Dubai,developer
181,Almeta,Orelee,Oklahoma City,developer
182,Amii,Kravits,Manila,firefighter
183,Hildegaard,Kamaria,Graz,worker
184,Alexine,Redmond,Dhaka,police officer
185,Addia,Tayib,Tampa,police officer
186,Kristina,Luhe,Quebec City,doctor
187,Gui,Rolf,Tórshavn,doctor
188,Wanda,Faust,Antofagasta,doctor
189,Zsa Zsa,Hourigan,Mamoudzou,doctor
190,Jere,Hieronymus,El Paso,doctor
191,Willetta,Jaylene,Lahore,developer
192,Donetta,Lory,Srinagar,police officer
193,Brynna,Tillford,Freetown,firefighter
194,Riannon,Vivle,Blantyre,worker
195,Jenilee,Gaulin,Kunming,police officer
196,Gianina,Carolin,Saipan,police officer
197,Anestassia,Leopold,Hargeisa,worker
198,Florie,Jillane,Atlanta,firefighter
199,Nanete,Aaberg,Sucre,developer